{
  "src\\App.tsx": 1782472878.2695334,
  "src\\main.tsx": 1782469481.3764117,
  "src\\vite-env.d.ts": 1782469485.616361,
  "src\\components\\batch\\batch-generator.tsx": 1782471269.8597162,
  "src\\components\\forms\\field-config.ts": 1782470587.9528675,
  "src\\components\\forms\\qr-form.tsx": 1782470615.4165657,
  "src\\components\\glass\\glass-background.tsx": 1782472830.3893929,
  "src\\components\\glass\\glass-card.tsx": 1782472842.9308112,
  "src\\components\\history\\history-drawer.tsx": 1782472963.4448586,
  "src\\components\\layout\\footer.tsx": 1782495232.9399524,
  "src\\components\\layout\\header.tsx": 1782471068.2868297,
  "src\\components\\layout\\theme-toggle.tsx": 1782472894.3763402,
  "src\\components\\qr\\customization-panel.tsx": 1782470663.948528,
  "src\\components\\qr\\qr-canvas.tsx": 1782472193.6451344,
  "src\\components\\qr\\qr-preview.tsx": 1782472854.095505,
  "src\\components\\qr\\type-icon.tsx": 1782470536.2928615,
  "src\\components\\ui\\button.tsx": 1782469534.2606022,
  "src\\components\\ui\\dialog.tsx": 1782469600.9922788,
  "src\\components\\ui\\input.tsx": 1782469537.3712926,
  "src\\components\\ui\\label.tsx": 1782469537.9525461,
  "src\\components\\ui\\progress.tsx": 1782469606.0231204,
  "src\\components\\ui\\radio-group.tsx": 1782469572.5714116,
  "src\\components\\ui\\select.tsx": 1782469557.538068,
  "src\\components\\ui\\slider.tsx": 1782469561.398677,
  "src\\components\\ui\\sonner.tsx": 1782469651.1635022,
  "src\\components\\ui\\switch.tsx": 1782469565.9971986,
  "src\\components\\ui\\tabs.tsx": 1782469593.1929817,
  "src\\components\\ui\\textarea.tsx": 1782469537.5606554,
  "src\\components\\ui\\tooltip.tsx": 1782469603.3528621,
  "src\\components\\wizard\\step-content.tsx": 1782470730.1426027,
  "src\\components\\wizard\\step-design.tsx": 1782470735.4663167,
  "src\\components\\wizard\\step-export.tsx": 1782494843.0097482,
  "src\\components\\wizard\\step-type.tsx": 1782472927.6040387,
  "src\\components\\wizard\\stepper.tsx": 1782472948.1870584,
  "src\\components\\wizard\\wizard-shell.tsx": 1782472911.4585102,
  "src\\hooks\\use-theme.tsx": 1782469648.0747576,
  "src\\lib\\utils.ts": 1782469425.8207383,
  "src\\lib\\qr\\engine.ts": 1782470422.6522253,
  "src\\lib\\qr\\export.ts": 1782471247.324371,
  "src\\lib\\qr\\payloads.ts": 1782470355.4423935,
  "src\\lib\\qr\\types.ts": 1782495851.7673326,
  "src\\lib\\qr\\validation.ts": 1782470382.9332345,
  "src\\store\\historyStore.ts": 1782470497.7413366,
  "src\\store\\wizardStore.ts": 1782470489.161057,
  "public\\robots.txt": 1782495496.2924047,
  "public\\favicon.svg": 1782469493.468679,
  "public\\logo192.png": 1782467591.045847,
  "public\\logo512.png": 1782467591.045847,
  "public\\og-image.png": 1782495913.592219
}